Item No.,Item Description,In Stock,FOREIGN NAME,Pair Size,No of pairs,SALES UOM,PURCHASE UOM,INVENTORY UOM,MRP,Product Type,Last Purchase Price,HSN/Commodity Code,VAT Commodity Group Code
2-FB-1111-BK-G1,not required this column,0,2-FB-1111-BK-G1    actual name,,20,CASE,No,CASE,1059,x type,0.00,0,xyz
2-FB-1111-BK-G14,not required this column,0,2-FB-1111-BK-G14    actual name,,20,CASE,No,CASE,1059,x type,"3,319.20",0,xyz
2-FB-1111-BK-G15,not required this column,0,2-FB-1111-BK-G15    actual name,,20,CASE,No,CASE,1059,x type,"2,948.30",0,xyz
2-FB-1111-BK-G16,not required this column,0,2-FB-1111-BK-G16    actual name,,20,CASE,No,CASE,1059,x type,"3,140.32",0,xyz
2-FB-1111-BK-G19,not required this column,0,2-FB-1111-BK-G19    actual name,,20,CASE,No,CASE,1059,x type,0,0,xyz
2-FB-1111-BK-G2,not required this column,0,2-FB-1111-BK-G2    actual name,,20,CASE,No,CASE,1059,x type,"3,259.92",0,xyz
2-FB-1111-BK-G3,not required this column,0,2-FB-1111-BK-G3    actual name,,20,CASE,No,CASE,1059,x type,"3,151.98",0,xyz
2-FB-1111-BK-G30,not required this column,0,2-FB-1111-BK-G30    actual name,,20,CASE,No,CASE,1059,x type,"2,516.20",0,xyz
2-FB-1111-BK-G4,not required this column,0,2-FB-1111-BK-G4    actual name,,20,CASE,No,CASE,1059,x type,"3,158.07",0,xyz
2-FB-1111-BK-G5,not required this column,0,2-FB-1111-BK-G5    actual name,,20,CASE,No,CASE,1059,x type,"3,290.11",0,xyz
2-FB-1111-BK-G6,not required this column,0,2-FB-1111-BK-G6    actual name,,20,CASE,No,CASE,1059,x type,"3,115.96",0,xyz
2-FB-1111-BK-G7,not required this column,0,2-FB-1111-BK-G7    actual name,,20,CASE,No,CASE,1059,x type,"2,232.21",0,xyz
2-FB-1111-BK-GA6,not required this column,0,2-FB-1111-BK-GA6    actual name,,20,CASE,No,CASE,1059,x type,"2,959.51",0,xyz
2-FB-1111-BK-GA8,not required this column,0,2-FB-1111-BK-GA8    actual name,,20,CASE,No,CASE,1059,x type,"3,200.31",0,xyz
2-FB-1111-BK-GA9,not required this column,0,2-FB-1111-BK-GA9    actual name,,20,CASE,No,CASE,1059,x type,"2,999.69",0,xyz
2-FB-1111-BK-GB0,not required this column,0,2-FB-1111-BK-GB0    actual name,,20,CASE,No,CASE,1059,x type,"3,311.03",0,xyz
2-FB-1111-BK-X1,not required this column,0,2-FB-1111-BK-X1    actual name,,20,CASE,No,CASE,1299,x type,"1,915.16",0,xyz
2-FB-1111-BK-XB1,not required this column,0,2-FB-1111-BK-XB1    actual name,,20,CASE,No,CASE,1299,x type,"1,723.56",0,xyz
2-FB-1111-BK-XB2,not required this column,0,2-FB-1111-BK-XB2    actual name,,20,CASE,No,CASE,1299,x type,"1,723.56",0,xyz
2-FB-1111-BR-G1,not required this column,0,2-FB-1111-BR-G1    actual name,,20,CASE,No,CASE,1059,x type,"3,356.91",0,xyz
2-FB-1111-BR-G14,not required this column,0,2-FB-1111-BR-G14    actual name,,20,CASE,No,CASE,1059,x type,"2,329.55",0,xyz
2-FB-1111-BR-G15,not required this column,0,2-FB-1111-BR-G15    actual name,,20,CASE,No,CASE,1059,x type,"3,034.39",0,xyz
2-FB-1111-BR-G16,not required this column,0,2-FB-1111-BR-G16    actual name,,20,CASE,No,CASE,1059,x type,"3,360.13",0,xyz
2-FB-1111-BR-G2,not required this column,0,2-FB-1111-BR-G2    actual name,,20,CASE,No,CASE,1059,x type,"3,371.11",0,xyz
2-FB-1111-BR-G20,not required this column,0,2-FB-1111-BR-G20    actual name,,20,CASE,No,CASE,1059,x type,0,0,xyz
2-FB-1111-BR-G26,not required this column,0,2-FB-1111-BR-G26    actual name,,20,CASE,No,CASE,1059,x type,"3,319.20",0,xyz
2-FB-1111-BR-G27,not required this column,0,2-FB-1111-BR-G27    actual name,,20,CASE,No,CASE,1059,x type,0,0,xyz
2-FB-1111-BR-G29,not required this column,0,2-FB-1111-BR-G29    actual name,,20,CASE,No,CASE,1059,x type,0,0,xyz
2-FB-1111-BR-G3,not required this column,0,2-FB-1111-BR-G3    actual name,,20,CASE,No,CASE,1059,x type,"3,277.21",0,xyz
2-FB-1111-BR-G30,not required this column,0,2-FB-1111-BR-G30    actual name,,20,CASE,No,CASE,1059,x type,"2,212.35",0,xyz
2-FB-1111-BR-G4,not required this column,0,2-FB-1111-BR-G4    actual name,,20,CASE,No,CASE,1059,x type,"3,280.75",0,xyz
2-FB-1111-BR-G5,not required this column,0,2-FB-1111-BR-G5    actual name,,20,CASE,No,CASE,1059,x type,"3,403.09",0,xyz
2-FB-1111-BR-G6,not required this column,0,2-FB-1111-BR-G6    actual name,,20,CASE,No,CASE,1059,x type,"3,280.71",0,xyz
2-FB-1111-BR-G7,not required this column,0,2-FB-1111-BR-G7    actual name,,20,CASE,No,CASE,1059,x type,"2,985.70",0,xyz
2-FB-1111-BR-GA6,not required this column,0,2-FB-1111-BR-GA6    actual name,,20,CASE,No,CASE,1059,x type,"2,966.43",0,xyz
2-FB-1111-BR-GA7,not required this column,0,2-FB-1111-BR-GA7    actual name,,20,CASE,No,CASE,1059,x type,"2,295.16",0,xyz
2-FB-1111-BR-GA8,not required this column,0,2-FB-1111-BR-GA8    actual name,,20,CASE,No,CASE,1059,x type,"3,324.92",0,xyz
2-FB-1111-BR-GA9,not required this column,0,2-FB-1111-BR-GA9    actual name,,20,CASE,No,CASE,1059,x type,"3,406.50",0,xyz
2-FB-1111-BR-GB0,not required this column,0,2-FB-1111-BR-GB0    actual name,,20,CASE,No,CASE,1059,x type,"3,500.50",0,xyz
2-FB-1111-BR-X1,not required this column,0,2-FB-1111-BR-X1    actual name,,20,CASE,No,CASE,1299,x type,"1,944.14",0,xyz
2-FB-1111-BR-XB1,not required this column,0,2-FB-1111-BR-XB1    actual name,,20,CASE,No,CASE,1299,x type,"1,509.81",0,xyz
2-FB-1111-TA-G1,not required this column,0,2-FB-1111-TA-G1    actual name,,20,CASE,No,CASE,1059,x type,"3,204.37",0,xyz
2-FB-1111-TA-G2,not required this column,0,2-FB-1111-TA-G2    actual name,,20,CASE,No,CASE,1059,x type,"3,244.15",0,xyz
2-FB-1111-TA-G3,not required this column,0,2-FB-1111-TA-G3    actual name,,20,CASE,No,CASE,1059,x type,"2,530.27",0,xyz
2-FB-1111-TA-G4,not required this column,0,2-FB-1111-TA-G4    actual name,,20,CASE,No,CASE,1059,x type,"2,638.46",0,xyz
2-FB-1111-TA-G5,not required this column,0,2-FB-1111-TA-G5    actual name,,20,CASE,No,CASE,1059,x type,"2,985.99",0,xyz
2-FB-1111-TA-G6,not required this column,0,2-FB-1111-TA-G6    actual name,,20,CASE,No,CASE,1059,x type,"3,138.84",0,xyz
2-FB-1111-TA-GA8,not required this column,0,2-FB-1111-TA-GA8    actual name,,20,CASE,No,CASE,1059,x type,"2,405.47",0,xyz
2-FB-1111-TA-GB0,not required this column,0,2-FB-1111-TA-GB0    actual name,,20,CASE,No,CASE,1059,x type,"2,799.73",0,xyz
2-FB-1111-TA-X1,not required this column,0,2-FB-1111-TA-X1    actual name,,20,CASE,No,CASE,1299,x type,0,0,xyz
2-FB-1111-WT-G1,not required this column,0,2-FB-1111-WT-G1    actual name,,20,CASE,No,CASE,1059,x type,"3,081.12",0,xyz
2-FB-1111-WT-G2,not required this column,0,2-FB-1111-WT-G2    actual name,,20,CASE,No,CASE,1059,x type,"3,156.22",0,xyz
2-FB-1111-WT-G3,not required this column,0,2-FB-1111-WT-G3    actual name,,20,CASE,No,CASE,1059,x type,"3,089.31",0,xyz
2-FB-1111-WT-G5,not required this column,0,2-FB-1111-WT-G5    actual name,,20,CASE,No,CASE,1059,x type,"3,184.32",0,xyz
2-FB-1111-WT-G6,not required this column,0,2-FB-1111-WT-G6    actual name,,20,CASE,No,CASE,1059,x type,"2,282.23",0,xyz
2-FB-1111-WT-GA7,not required this column,0,2-FB-1111-WT-GA7    actual name,,20,CASE,No,CASE,1059,x type,"2,524.87",0,xyz
2-FB-1111X-BK-G1,not required this column,0,2-FB-1111X-BK-G1    actual name,,20,CASE,No,CASE,899,x type,"3,136.11",0,xyz
2-FB-1111X-BK-G2,not required this column,0,2-FB-1111X-BK-G2    actual name,,20,CASE,No,CASE,899,x type,"3,183.86",0,xyz
2-FB-1111X-BK-G3,not required this column,0,2-FB-1111X-BK-G3    actual name,,20,CASE,No,CASE,899,x type,"3,107.40",0,xyz
2-FB-1111X-BK-G4,not required this column,0,2-FB-1111X-BK-G4    actual name,,20,CASE,No,CASE,899,x type,"3,158.07",0,xyz
2-FB-1111X-BK-G5,not required this column,0,2-FB-1111X-BK-G5    actual name,,20,CASE,No,CASE,899,x type,"3,198.95",0,xyz
2-FB-1111X-BK-G6,not required this column,0,2-FB-1111X-BK-G6    actual name,,20,CASE,No,CASE,899,x type,0,0,xyz
2-FB-1111X-BK-GA6,not required this column,0,2-FB-1111X-BK-GA6    actual name,,20,CASE,No,CASE,899,x type,"2,959.51",0,xyz
2-FB-1111X-BK-GA8,not required this column,0,2-FB-1111X-BK-GA8    actual name,,20,CASE,No,CASE,899,x type,0,0,xyz
2-FB-1111X-BK-GA9,not required this column,0,2-FB-1111X-BK-GA9    actual name,,20,CASE,No,CASE,899,x type,"2,999.69",0,xyz
2-FB-1111X-BK-GB0,not required this column,0,2-FB-1111X-BK-GB0    actual name,,20,CASE,No,CASE,899,x type,0,0,xyz
2-FB-1111X-BK-X1,not required this column,0,2-FB-1111X-BK-X1    actual name,,20,CASE,No,CASE,1099,x type,"1,905.83",0,xyz
2-FB-1111X-BR-G1,not required this column,0,2-FB-1111X-BR-G1    actual name,,20,CASE,No,CASE,899,x type,"3,294.42",0,xyz
2-FB-1111X-BR-G2,not required this column,0,2-FB-1111X-BR-G2    actual name,,20,CASE,No,CASE,899,x type,"3,314.41",0,xyz
2-FB-1111X-BR-G3,not required this column,0,2-FB-1111X-BR-G3    actual name,,20,CASE,No,CASE,899,x type,"3,245.27",0,xyz
2-FB-1111X-BR-G5,not required this column,0,2-FB-1111X-BR-G5    actual name,,20,CASE,No,CASE,899,x type,"3,294.36",0,xyz
2-FB-1111X-BR-G6,not required this column,0,2-FB-1111X-BR-G6    actual name,,20,CASE,No,CASE,899,x type,"3,202.55",0,xyz
2-FB-1111X-BR-GA8,not required this column,0,2-FB-1111X-BR-GA8    actual name,,20,CASE,No,CASE,899,x type,0,0,xyz
2-FB-1111X-BR-GA9,not required this column,0,2-FB-1111X-BR-GA9    actual name,,20,CASE,No,CASE,899,x type,"3,004.23",0,xyz
2-FB-1111X-BR-GB0,not required this column,0,2-FB-1111X-BR-GB0    actual name,,20,CASE,No,CASE,899,x type,"3,372.62",0,xyz
2-FB-1111X-BR-X1,not required this column,0,2-FB-1111X-BR-X1    actual name,,20,CASE,No,CASE,1099,x type,"1,921.50",0,xyz
2-FB-1111X-TA-G1,not required this column,0,2-FB-1111X-TA-G1    actual name,,20,CASE,No,CASE,899,x type,0,0,xyz
2-FB-1111X-WT-G1,not required this column,0,2-FB-1111X-WT-G1    actual name,,20,CASE,No,CASE,899,x type,"3,081.12",0,xyz
2-FB-1111X-WT-G3,not required this column,0,2-FB-1111X-WT-G3    actual name,,20,CASE,No,CASE,899,x type,"3,089.31",0,xyz
2-FB-1111X-WT-G5,not required this column,0,2-FB-1111X-WT-G5    actual name,,20,CASE,No,CASE,899,x type,0,0,xyz
2-FB-1111Z-BK-G1,not required this column,0,2-FB-1111Z-BK-G1    actual name,,20,CASE,No,CASE,1059,x type,"1,617.95",0,xyz
2-FB-1111Z-BK-G1-P24,not required this column,0,2-FB-1111Z-BK-G1-P24    actual name,,20,CASE,No,CASE,1059,x type,0,0,xyz
2-FB-1111Z-BK-G2,not required this column,0,2-FB-1111Z-BK-G2    actual name,,20,CASE,No,CASE,1059,x type,"1,693.46",0,xyz
2-FB-1111Z-BK-X1,not required this column,0,2-FB-1111Z-BK-X1    actual name,,20,CASE,No,CASE,1299,x type,"1,549.92",0,xyz
2-FB-1111Z-BK-X2,not required this column,0,2-FB-1111Z-BK-X2    actual name,,20,CASE,No,CASE,0,x type,"1,857.34",0,xyz
2-FB-1111Z-BR-G1,not required this column,0,2-FB-1111Z-BR-G1    actual name,,20,CASE,No,CASE,1059,x type,"1,687.03",0,xyz
2-FB-1111Z-BR-G1-P24,not required this column,0,2-FB-1111Z-BR-G1-P24    actual name,,20,CASE,No,CASE,1059,x type,0,0,xyz
2-FB-1111Z-BR-G2,not required this column,0,2-FB-1111Z-BR-G2    actual name,,20,CASE,No,CASE,1059,x type,"1,758.55",0,xyz
2-FB-1111Z-BR-X1,not required this column,0,2-FB-1111Z-BR-X1    actual name,,20,CASE,No,CASE,1299,x type,"1,586.90",0,xyz
2-FB-1111Z-BR-X2,not required this column,0,2-FB-1111Z-BR-X2    actual name,,20,CASE,No,CASE,0,x type,"1,828.16",0,xyz
2-FB-1111Z-TA-G2,not required this column,0,2-FB-1111Z-TA-G2    actual name,,20,CASE,No,CASE,1059,x type,"1,277.43",0,xyz
2-FB-1111Z-TA-X2,not required this column,0,2-FB-1111Z-TA-X2    actual name,,20,CASE,No,CASE,1299,x type,"1,808.47",0,xyz
2-FB-1111Z-WT-G1,not required this column,0,2-FB-1111Z-WT-G1    actual name,,20,CASE,No,CASE,1059,x type,0,0,xyz
2-FB-1111ZX-BR-G2,not required this column,0,2-FB-1111ZX-BR-G2    actual name,,20,CASE,No,CASE,0,x type,0,0,xyz
2-FB-2222-NB-L1,not required this column,0,2-FB-2222-NB-L1    actual name,,20,CASE,No,CASE,789,x type,"3,333.42",0,xyz
2-FB-2222-NB-L2,not required this column,0,2-FB-2222-NB-L2    actual name,,20,CASE,No,CASE,789,x type,"3,275.04",0,xyz
2-FB-2222-NB-L4,not required this column,0,2-FB-2222-NB-L4    actual name,,20,CASE,No,CASE,789,x type,"2,992.30",0,xyz
2-FB-2222-NB-L5,not required this column,0,2-FB-2222-NB-L5    actual name,,20,CASE,No,CASE,789,x type,"3,341.90",0,xyz
2-FB-2222-NB-L8,not required this column,0,2-FB-2222-NB-L8    actual name,,20,CASE,No,CASE,789,x type,"3,207.58",0,xyz
2-FB-2222X-NB-L1,not required this column,0,2-FB-2222X-NB-L1    actual name,,20,CASE,No,CASE,779,x type,"3,190.97",0,xyz
2-FB-2222X-NB-L2,not required this column,0,2-FB-2222X-NB-L2    actual name,,20,CASE,No,CASE,779,x type,"3,128.85",0,xyz
2-FB-2222X-NB-L5,not required this column,0,2-FB-2222X-NB-L5    actual name,,20,CASE,No,CASE,779,x type,"3,228.56",0,xyz
2-FB-2222X-NB-L8,not required this column,0,2-FB-2222X-NB-L8    actual name,,20,CASE,No,CASE,779,x type,"3,111.88",0,xyz
2-FB-2222Z-NB-L1,not required this column,0,2-FB-2222Z-NB-L1    actual name,,20,CASE,No,CASE,0,x type,"1,327.62",0,xyz
2-FB-2222Z-NB-L1-P30,not required this column,0,2-FB-2222Z-NB-L1-P30    actual name,,20,CASE,No,CASE,0,x type,"1,353.48",0,xyz
3-FB-1111-BK-G06,not required this column,0,3-FB-1111-BK-G06    actual name,,1,PAIR,No,PAIR,0,x type,124.77,0,xyz
3-FB-1111-BK-G07,not required this column,0,3-FB-1111-BK-G07    actual name,,1,PAIR,No,PAIR,0,x type,128.77,0,xyz
3-FB-1111-BK-G08,not required this column,0,3-FB-1111-BK-G08    actual name,,1,PAIR,No,PAIR,0,x type,130.32,0,xyz
3-FB-1111-BK-G09,not required this column,0,3-FB-1111-BK-G09    actual name,,1,PAIR,No,PAIR,0,x type,134.03,0,xyz
3-FB-1111-BK-G10,not required this column,0,3-FB-1111-BK-G10    actual name,,1,PAIR,No,PAIR,0,x type,137.06,0,xyz
3-FB-1111-BK-X11,not required this column,0,3-FB-1111-BK-X11    actual name,,1,PAIR,No,PAIR,0,x type,153.71,0,xyz
3-FB-1111-BK-X12,not required this column,0,3-FB-1111-BK-X12    actual name,,1,PAIR,No,PAIR,0,x type,156.37,0,xyz
3-FB-1111-BR-G06,not required this column,0,3-FB-1111-BR-G06    actual name,,1,PAIR,No,PAIR,1059,x type,129.93,0,xyz
3-FB-1111-BR-G07,not required this column,0,3-FB-1111-BR-G07    actual name,,1,PAIR,No,PAIR,0,x type,131.25,,xyz
3-FB-1111-BR-G08,not required this column,0,3-FB-1111-BR-G08    actual name,,1,PAIR,No,PAIR,0,x type,132.64,,xyz
3-FB-1111-BR-G09,not required this column,0,3-FB-1111-BR-G09    actual name,,1,PAIR,No,PAIR,1059,x type,137.93,,xyz
3-FB-1111-BR-G10,not required this column,0,3-FB-1111-BR-G10    actual name,,1,PAIR,No,PAIR,0,x type,139.27,,xyz
3-FB-1111-BR-X11,not required this column,0,3-FB-1111-BR-X11    actual name,,1,PAIR,No,PAIR,0,x type,156.34,,xyz
3-FB-1111-BR-X12,not required this column,0,3-FB-1111-BR-X12    actual name,,1,PAIR,No,PAIR,0,x type,159.24,,xyz
3-FB-1111-TA-G06,not required this column,0,3-FB-1111-TA-G06    actual name,,1,PAIR,No,PAIR,0,x type,123.77,,xyz
3-FB-1111-TA-G07,not required this column,0,3-FB-1111-TA-G07    actual name,,1,PAIR,No,PAIR,0,x type,127.87,,xyz
3-FB-1111-TA-G08,not required this column,0,3-FB-1111-TA-G08    actual name,,1,PAIR,No,PAIR,0,x type,129.53,,xyz
3-FB-1111-TA-G09,not required this column,0,3-FB-1111-TA-G09    actual name,,1,PAIR,No,PAIR,0,x type,132.97,,xyz
3-FB-1111-TA-G10,not required this column,0,3-FB-1111-TA-G10    actual name,,1,PAIR,No,PAIR,0,x type,134.07,,xyz
3-FB-1111-TA-X11,not required this column,0,3-FB-1111-TA-X11    actual name,,1,PAIR,No,PAIR,0,x type,0,,xyz
3-FB-1111-TA-X12,not required this column,0,3-FB-1111-TA-X12    actual name,,1,PAIR,No,PAIR,0,x type,0,,xyz
3-FB-1111-WT-G06,not required this column,0,3-FB-1111-WT-G06    actual name,,1,PAIR,No,PAIR,0,x type,120.44,,xyz
3-FB-1111-WT-G07,not required this column,0,3-FB-1111-WT-G07    actual name,,1,PAIR,No,PAIR,0,x type,122.98,,xyz
3-FB-1111-WT-G08,not required this column,0,3-FB-1111-WT-G08    actual name,,1,PAIR,No,PAIR,0,x type,126.19,,xyz
3-FB-1111-WT-G09,not required this column,0,3-FB-1111-WT-G09    actual name,,1,PAIR,No,PAIR,0,x type,129.4,,xyz
3-FB-1111-WT-G10,not required this column,0,3-FB-1111-WT-G10    actual name,,1,PAIR,No,PAIR,0,x type,131.18,,xyz
3-FB-1111Z-BK-G06,not required this column,0,3-FB-1111Z-BK-G06    actual name,,1,PAIR,No,PAIR,0,x type,123.85,,xyz
3-FB-1111Z-BK-G07,not required this column,0,3-FB-1111Z-BK-G07    actual name,,1,PAIR,No,PAIR,0,x type,135.53,,xyz
3-FB-1111Z-BK-G08,not required this column,0,3-FB-1111Z-BK-G08    actual name,,1,PAIR,No,PAIR,0,x type,132.37,,xyz
3-FB-1111Z-BK-G09,not required this column,0,3-FB-1111Z-BK-G09    actual name,,1,PAIR,No,PAIR,0,x type,133.21,,xyz
3-FB-1111Z-BK-G10,not required this column,0,3-FB-1111Z-BK-G10    actual name,,1,PAIR,No,PAIR,0,x type,141.66,,xyz
3-FB-1111Z-BK-X10,not required this column,0,3-FB-1111Z-BK-X10    actual name,,1,PAIR,No,PAIR,1099,x type,136.52,,xyz
3-FB-1111Z-BK-X11,not required this column,0,3-FB-1111Z-BK-X11    actual name,,1,PAIR,No,PAIR,1299,x type,153.07,,xyz
3-FB-1111Z-BK-X12,not required this column,0,3-FB-1111Z-BK-X12    actual name,,1,PAIR,No,PAIR,1299,x type,155.77,,xyz
3-FB-1111Z-BR-G06,not required this column,0,3-FB-1111Z-BR-G06    actual name,,1,PAIR,No,PAIR,0,x type,127.81,,xyz
3-FB-1111Z-BR-G07,not required this column,0,3-FB-1111Z-BR-G07    actual name,,1,PAIR,No,PAIR,0,x type,136.8,,xyz
3-FB-1111Z-BR-G08,not required this column,0,3-FB-1111Z-BR-G08    actual name,,1,PAIR,No,PAIR,0,x type,138.4,,xyz
3-FB-1111Z-BR-G09,not required this column,0,3-FB-1111Z-BR-G09    actual name,,1,PAIR,No,PAIR,0,x type,142.28,,xyz
3-FB-1111Z-BR-G10,not required this column,0,3-FB-1111Z-BR-G10    actual name,,1,PAIR,No,PAIR,0,x type,144.69,,xyz
3-FB-1111Z-BR-X10,not required this column,0,3-FB-1111Z-BR-X10    actual name,,1,PAIR,No,PAIR,1099,x type,143.04,,xyz
3-FB-1111Z-BR-X11,not required this column,0,3-FB-1111Z-BR-X11    actual name,,1,PAIR,No,PAIR,1099,x type,147.68,,xyz
3-FB-1111Z-BR-X12,not required this column,0,3-FB-1111Z-BR-X12    actual name,,1,PAIR,No,PAIR,1099,x type,150.31,,xyz
3-FB-1111Z-TA-G07,not required this column,0,3-FB-1111Z-TA-G07    actual name,,1,PAIR,No,PAIR,0,x type,96.51,,xyz
3-FB-1111Z-TA-G08,not required this column,0,3-FB-1111Z-TA-G08    actual name,,1,PAIR,No,PAIR,0,x type,99.33,,xyz
3-FB-1111Z-TA-G09,not required this column,0,3-FB-1111Z-TA-G09    actual name,,1,PAIR,No,PAIR,0,x type,103.29,,xyz
3-FB-1111Z-TA-G10,not required this column,0,3-FB-1111Z-TA-G10    actual name,,1,PAIR,No,PAIR,0,x type,126.42,,xyz
3-FB-1111Z-TA-X10,not required this column,0,3-FB-1111Z-TA-X10    actual name,,1,PAIR,No,PAIR,0,x type,135.57,,xyz
3-FB-1111Z-TA-X11,not required this column,0,3-FB-1111Z-TA-X11    actual name,,1,PAIR,No,PAIR,0,x type,149.75,,xyz
3-FB-1111Z-TA-X12,not required this column,0,3-FB-1111Z-TA-X12    actual name,,1,PAIR,No,PAIR,0,x type,150.46,,xyz
3-FB-1111Z-WT-G06,not required this column,0,3-FB-1111Z-WT-G06    actual name,,1,PAIR,No,PAIR,0,x type,129.1,,xyz
3-FB-1111Z-WT-G07,not required this column,0,3-FB-1111Z-WT-G07    actual name,,1,PAIR,No,PAIR,0,x type,132.93,,xyz
3-FB-1111Z-WT-G08,not required this column,0,3-FB-1111Z-WT-G08    actual name,,1,PAIR,No,PAIR,0,x type,134.52,,xyz
3-FB-1111Z-WT-G09,not required this column,0,3-FB-1111Z-WT-G09    actual name,,1,PAIR,No,PAIR,0,x type,138.34,,xyz
3-FB-1111Z-WT-G10,not required this column,0,3-FB-1111Z-WT-G10    actual name,,1,PAIR,No,PAIR,0,x type,0,,xyz
3-FB-2222-NB-L05,not required this column,0,3-FB-2222-NB-L05    actual name,,1,PAIR,No,PAIR,0,x type,100.19,,xyz
3-FB-2222-NB-L06,not required this column,0,3-FB-2222-NB-L06    actual name,,1,PAIR,No,PAIR,0,x type,105.02,,xyz
3-FB-2222-NB-L07,not required this column,0,3-FB-2222-NB-L07    actual name,,1,PAIR,No,PAIR,0,x type,109.93,,xyz
3-FB-2222-NB-L08,not required this column,0,3-FB-2222-NB-L08    actual name,,1,PAIR,No,PAIR,0,x type,111.06,,xyz
3-FB-2222-NB-L09,not required this column,0,3-FB-2222-NB-L09    actual name,,1,PAIR,No,PAIR,0,x type,117.06,,xyz
3-FB-2222Z-NB-L05,not required this column,0,3-FB-2222Z-NB-L05    actual name,,1,PAIRS,No,PAIRS,0,x type,97.84,,xyz
3-FB-2222Z-NB-L06,not required this column,0,3-FB-2222Z-NB-L06    actual name,,1,PAIRS,No,PAIRS,0,x type,104.83,,xyz
3-FB-2222Z-NB-L07,not required this column,0,3-FB-2222Z-NB-L07    actual name,,1,PAIRS,No,PAIRS,0,x type,107,,xyz
3-FB-2222Z-NB-L08,not required this column,0,3-FB-2222Z-NB-L08    actual name,,1,PAIRS,No,PAIRS,0,x type,109.2,,xyz
3-FB-2222Z-NB-L09,not required this column,0,3-FB-2222Z-NB-L09    actual name,,1,PAIRS,No,PAIRS,0,x type,113.81,,xyz
4-CCP1-1111-BK-G,not required this column,0,4-CCP1-1111-BK-G    actual name,,1,PAIR,No,PAIR,0,x type,1.07,,xyz
4-CCP1-1111-BR-G,not required this column,0,4-CCP1-1111-BR-G    actual name,,1,PAIR,No,PAIR,0,x type,1.18,,xyz
4-CCP1-1111-TA-G,not required this column,0,4-CCP1-1111-TA-G    actual name,,1,PAIR,No,PAIR,0,x type,0.91,,xyz
4-CCP1-1111-WT-G,not required this column,0,4-CCP1-1111-WT-G    actual name,,1,PAIR,No,PAIR,0,x type,0.99,,xyz
4-CCP-1111-BK-G06,not required this column,0,4-CCP-1111-BK-G06    actual name,,1,PAIR,No,PAIR,0,x type,13.13,,xyz
4-CCP-1111-BK-G07,not required this column,0,4-CCP-1111-BK-G07    actual name,,1,PAIR,No,PAIR,0,x type,13.38,,xyz
4-CCP-1111-BK-G08,not required this column,0,4-CCP-1111-BK-G08    actual name,,1,PAIR,No,PAIR,0,x type,13.63,,xyz
4-CCP-1111-BK-G09,not required this column,0,4-CCP-1111-BK-G09    actual name,,1,PAIR,No,PAIR,0,x type,15.6,,xyz
4-CCP-1111-BK-G10,not required this column,0,4-CCP-1111-BK-G10    actual name,,1,PAIR,No,PAIR,0,x type,15.83,,xyz
4-CCP-1111-BK-X11,not required this column,0,4-CCP-1111-BK-X11    actual name,,1,PAIR,No,PAIR,0,x type,18.46,,xyz
4-CCP-1111-BK-X12,not required this column,0,4-CCP-1111-BK-X12    actual name,,1,PAIR,No,PAIR,0,x type,18.91,,xyz
4-CCP-1111-BR-G06,not required this column,0,4-CCP-1111-BR-G06    actual name,,1,PAIR,No,PAIR,0,x type,13.59,,xyz
4-CCP-1111-BR-G07,not required this column,0,4-CCP-1111-BR-G07    actual name,,1,PAIR,No,PAIR,0,x type,13.6,,xyz
4-CCP-1111-BR-G08,not required this column,0,4-CCP-1111-BR-G08    actual name,,1,PAIR,No,PAIR,0,x type,13.63,,xyz
4-CCP-1111-BR-G09,not required this column,0,4-CCP-1111-BR-G09    actual name,,1,PAIR,No,PAIR,0,x type,15.6,,xyz
4-CCP-1111-BR-G10,not required this column,0,4-CCP-1111-BR-G10    actual name,,1,PAIR,No,PAIR,0,x type,15.83,,xyz
4-CCP-1111-BR-X11,not required this column,0,4-CCP-1111-BR-X11    actual name,,1,PAIR,No,PAIR,0,x type,18.46,,xyz
4-CCP-1111-BR-X12,not required this column,0,4-CCP-1111-BR-X12    actual name,,1,PAIR,No,PAIR,0,x type,18.91,,xyz
4-CCP-1111-TA-G06,not required this column,0,4-CCP-1111-TA-G06    actual name,,1,PAIR,No,PAIR,0,x type,11.13,,xyz
4-CCP-1111-TA-G07,not required this column,0,4-CCP-1111-TA-G07    actual name,,1,PAIR,No,PAIR,0,x type,11.33,,xyz
4-CCP-1111-TA-G08,not required this column,0,4-CCP-1111-TA-G08    actual name,,1,PAIR,No,PAIR,0,x type,11.54,,xyz
4-CCP-1111-TA-G09,not required this column,0,4-CCP-1111-TA-G09    actual name,,1,PAIR,No,PAIR,0,x type,13.17,,xyz
4-CCP-1111-TA-G10,not required this column,0,4-CCP-1111-TA-G10    actual name,,1,PAIR,No,PAIR,0,x type,13.36,,xyz
4-CCP-1111-TA-X11,not required this column,0,4-CCP-1111-TA-X11    actual name,,,PAIR,No,PAIR,0,x type,15.02,,xyz
4-CCP-1111-TA-X12,not required this column,0,4-CCP-1111-TA-X12    actual name,,,PAIR,No,PAIR,0,x type,15.36,,xyz
4-CCP-1111-WT-G06,not required this column,0,4-CCP-1111-WT-G06    actual name,,1,PAIR,No,PAIR,0,x type,14.15,,xyz
4-CCP-1111-WT-G07,not required this column,0,4-CCP-1111-WT-G07    actual name,,1,PAIR,No,PAIR,0,x type,13.81,,xyz
4-CCP-1111-WT-G08,not required this column,0,4-CCP-1111-WT-G08    actual name,,1,PAIR,No,PAIR,0,x type,14.69,,xyz
4-CCP-1111-WT-G09,not required this column,0,4-CCP-1111-WT-G09    actual name,,1,PAIR,No,PAIR,0,x type,16.84,,xyz
4-CCP-1111-WT-G10,not required this column,0,4-CCP-1111-WT-G10    actual name,,1,PAIR,No,PAIR,0,x type,17.08,,xyz
4-CCP-2222-NB-L05,not required this column,0,4-CCP-2222-NB-L05    actual name,,1,PAIR,No,PAIR,0,x type,12.95,,xyz
4-CCP-2222-NB-L06,not required this column,0,4-CCP-2222-NB-L06    actual name,,1,PAIR,No,PAIR,0,x type,14.26,,xyz
4-CCP-2222-NB-L07,not required this column,0,4-CCP-2222-NB-L07    actual name,,1,PAIR,No,PAIR,0,x type,14.84,,xyz
4-CCP-2222-NB-L08,not required this column,0,4-CCP-2222-NB-L08    actual name,,1,PAIR,No,PAIR,0,x type,15.07,,xyz
4-CCP-2222-NB-L09,not required this column,0,4-CCP-2222-NB-L09    actual name,,1,PAIR,No,PAIR,0,x type,16.81,,xyz
4-CCS-2222-NB-L05,not required this column,0,4-CCS-2222-NB-L05    actual name,,1,PAIR,No,PAIR,0,x type,5.23,,xyz
4-CCS-2222-NB-L06,not required this column,0,4-CCS-2222-NB-L06    actual name,,1,PAIR,No,PAIR,0,x type,5.45,,xyz
4-CCS-2222-NB-L07,not required this column,0,4-CCS-2222-NB-L07    actual name,,1,PAIR,No,PAIR,0,x type,5.88,,xyz
4-CCS-2222-NB-L08,not required this column,0,4-CCS-2222-NB-L08    actual name,,1,PAIR,No,PAIR,0,x type,6.03,,xyz
4-CCS-2222-NB-L09,not required this column,0,4-CCS-2222-NB-L09    actual name,,1,PAIR,No,PAIR,0,x type,6.34,,xyz
4-FCM-1111-BK-G,not required this column,0,4-FCM-1111-BK-G    actual name,,1,MTR,No,MTR,0,x type,11.65,,xyz
4-FCM-1111-BR-G,not required this column,0,4-FCM-1111-BR-G    actual name,,1,MTR,No,MTR,0,x type,12.48,,xyz
4-FCM-1111-TA-G,not required this column,0,4-FCM-1111-TA-G    actual name,,1,MTR,No,MTR,0,x type,11.01,,xyz
4-FCM-1111-WT-G,not required this column,0,4-FCM-1111-WT-G    actual name,,1,MTR,No,MTR,0,x type,10.31,,xyz
4-FCS1-2222-NB-L,not required this column,0,4-FCS1-2222-NB-L    actual name,,1,MTR,No,MTR,0,x type,4.76,,xyz
4-FCS2-2222-NB-L,not required this column,0,4-FCS2-2222-NB-L    actual name,,1,MTR,No,MTR,0,x type,3.56,,xyz
4-FCS-2222-NB-L,not required this column,0,4-FCS-2222-NB-L    actual name,,1,MTR,No,MTR,0,x type,5.63,,xyz
4-FU-1111-BK-G06,not required this column,0,4-FU-1111-BK-G06    actual name,,1,PAIR,No,PAIR,0,x type,61.27,,xyz
4-FU-1111-BK-G07,not required this column,0,4-FU-1111-BK-G07    actual name,,1,PAIR,No,PAIR,0,x type,61.58,,xyz
4-FU-1111-BK-G08,not required this column,0,4-FU-1111-BK-G08    actual name,,1,PAIR,No,PAIR,0,x type,61.84,,xyz
4-FU-1111-BK-G09,not required this column,0,4-FU-1111-BK-G09    actual name,,1,PAIR,No,PAIR,0,x type,63.89,,xyz
4-FU-1111-BK-G10,not required this column,0,4-FU-1111-BK-G10    actual name,,1,PAIR,No,PAIR,0,x type,64.13,,xyz
4-FU-1111-BK-X11,not required this column,0,4-FU-1111-BK-X11    actual name,,1,PAIR,No,PAIR,0,x type,73.84,,xyz
4-FU-1111-BK-X12,not required this column,0,4-FU-1111-BK-X12    actual name,,1,PAIR,No,PAIR,0,x type,74.28,,xyz
4-FU-1111-BR-G06,not required this column,0,4-FU-1111-BR-G06    actual name,,1,PAIR,No,PAIR,0,x type,66.86,,xyz
4-FU-1111-BR-G07,not required this column,0,4-FU-1111-BR-G07    actual name,,1,PAIR,No,PAIR,0,x type,63.66,,xyz
4-FU-1111-BR-G08,not required this column,0,4-FU-1111-BR-G08    actual name,,1,PAIR,No,PAIR,0,x type,63.88,,xyz
4-FU-1111-BR-G09,not required this column,0,4-FU-1111-BR-G09    actual name,,1,PAIR,No,PAIR,0,x type,65.87,,xyz
4-FU-1111-BR-G10,not required this column,0,4-FU-1111-BR-G10    actual name,,1,PAIR,No,PAIR,0,x type,66.16,,xyz
4-FU-1111-BR-X11,not required this column,0,4-FU-1111-BR-X11    actual name,,1,PAIR,No,PAIR,0,x type,77.13,,xyz
4-FU-1111-BR-X12,not required this column,0,4-FU-1111-BR-X12    actual name,,1,PAIR,No,PAIR,0,x type,77.6,,xyz
4-FU-1111-TA-G06,not required this column,0,4-FU-1111-TA-G06    actual name,,1,PAIR,No,PAIR,0,x type,59.97,,xyz
4-FU-1111-TA-G07,not required this column,0,4-FU-1111-TA-G07    actual name,,1,PAIR,No,PAIR,0,x type,60.57,,xyz
4-FU-1111-TA-G08,not required this column,0,4-FU-1111-TA-G08    actual name,,1,PAIR,No,PAIR,0,x type,60.78,,xyz
4-FU-1111-TA-G09,not required this column,0,4-FU-1111-TA-G09    actual name,,1,PAIR,No,PAIR,0,x type,62.41,,xyz
4-FU-1111-TA-G10,not required this column,0,4-FU-1111-TA-G10    actual name,,1,PAIR,No,PAIR,0,x type,60.78,,xyz
4-FU-1111-TA-X11,not required this column,0,4-FU-1111-TA-X11    actual name,,,PAIR,No,PAIR,0,x type,71.31,,xyz
4-FU-1111-TA-X12,not required this column,0,4-FU-1111-TA-X12    actual name,,,PAIR,No,PAIR,0,x type,71.66,,xyz
4-FU-1111-WT-G06,not required this column,0,4-FU-1111-WT-G06    actual name,,1,PAIR,No,PAIR,0,x type,63.48,,xyz
4-FU-1111-WT-G07,not required this column,0,4-FU-1111-WT-G07    actual name,,1,PAIR,No,PAIR,0,x type,63.76,,xyz
4-FU-1111-WT-G08,not required this column,0,4-FU-1111-WT-G08    actual name,,1,PAIR,No,PAIR,0,x type,64.02,,xyz
4-FU-1111-WT-G09,not required this column,0,4-FU-1111-WT-G09    actual name,,1,PAIR,No,PAIR,0,x type,66.07,,xyz
4-FU-1111-WT-G10,not required this column,0,4-FU-1111-WT-G10    actual name,,1,PAIR,No,PAIR,0,x type,66.3,,xyz
4-FU-2222-NB-L05,not required this column,0,4-FU-2222-NB-L05    actual name,,1,PAIR,No,PAIR,0,x type,51.05,,xyz
4-FU-2222-NB-L06,not required this column,0,4-FU-2222-NB-L06    actual name,,1,PAIR,No,PAIR,0,x type,52.89,,xyz
4-FU-2222-NB-L07,not required this column,0,4-FU-2222-NB-L07    actual name,,1,PAIR,No,PAIR,0,x type,54.56,,xyz
4-FU-2222-NB-L08,not required this column,0,4-FU-2222-NB-L08    actual name,,1,PAIR,No,PAIR,0,x type,55.1,,xyz
4-FU-2222-NB-L09,not required this column,0,4-FU-2222-NB-L09    actual name,,1,PAIR,No,PAIR,0,x type,57.49,,xyz
4-MCS-1111-BK-G06,not required this column,0,4-MCS-1111-BK-G06    actual name,,1,PAIR,No,PAIR,0,x type,33.11,,xyz
4-MCS-1111-BK-G07,not required this column,0,4-MCS-1111-BK-G07    actual name,,1,PAIR,No,PAIR,0,x type,33.12,,xyz
4-MCS-1111-BK-G08,not required this column,0,4-MCS-1111-BK-G08    actual name,,1,PAIR,No,PAIR,0,x type,33.12,,xyz
4-MCS-1111-BK-G09,not required this column,0,4-MCS-1111-BK-G09    actual name,,1,PAIR,No,PAIR,0,x type,33.12,,xyz
4-MCS-1111-BK-G10,not required this column,0,4-MCS-1111-BK-G10    actual name,,1,PAIR,No,PAIR,0,x type,33.12,,xyz
4-MCS-1111-BK-X11,not required this column,0,4-MCS-1111-BK-X11    actual name,,1,PAIR,No,PAIR,0,x type,33.12,,xyz
4-MCS-1111-BK-X12,not required this column,0,4-MCS-1111-BK-X12    actual name,,1,PAIR,No,PAIR,0,x type,33.12,,xyz
4-MCS-1111-BR-G06,not required this column,0,4-MCS-1111-BR-G06    actual name,,1,PAIR,No,PAIR,0,x type,35.21,,xyz
4-MCS-1111-BR-G07,not required this column,0,4-MCS-1111-BR-G07    actual name,,1,PAIR,No,PAIR,0,x type,35.21,,xyz
4-MCS-1111-BR-G08,not required this column,0,4-MCS-1111-BR-G08    actual name,,1,PAIR,No,PAIR,0,x type,35.21,,xyz
4-MCS-1111-BR-G09,not required this column,0,4-MCS-1111-BR-G09    actual name,,1,PAIR,No,PAIR,0,x type,35.21,,xyz
4-MCS-1111-BR-G10,not required this column,0,4-MCS-1111-BR-G10    actual name,,1,PAIR,No,PAIR,0,x type,35.22,,xyz
4-MCS-1111-BR-X11,not required this column,0,4-MCS-1111-BR-X11    actual name,,1,PAIR,No,PAIR,0,x type,34.93,,xyz
4-MCS-1111-BR-X12,not required this column,0,4-MCS-1111-BR-X12    actual name,,1,PAIR,No,PAIR,0,x type,34.93,,xyz
4-MCS-1111-TA-G06,not required this column,0,4-MCS-1111-TA-G06    actual name,,1,PAIR,No,PAIR,0,x type,30.98,,xyz
4-MCS-1111-TA-G07,not required this column,0,4-MCS-1111-TA-G07    actual name,,1,PAIR,No,PAIR,0,x type,38.25,,xyz
4-MCS-1111-TA-G08,not required this column,0,4-MCS-1111-TA-G08    actual name,,1,PAIR,No,PAIR,0,x type,41.1,,xyz
4-MCS-1111-TA-G09,not required this column,0,4-MCS-1111-TA-G09    actual name,,1,PAIR,No,PAIR,0,x type,31.2,,xyz
4-MCS-1111-TA-G10,not required this column,0,4-MCS-1111-TA-G10    actual name,,1,PAIR,No,PAIR,0,x type,31.2,,xyz
4-MCS-1111-TA-X11,not required this column,0,4-MCS-1111-TA-X11    actual name,,,PAIR,No,PAIR,0,x type,41.92,,xyz
4-MCS-1111-TA-X12,not required this column,0,4-MCS-1111-TA-X12    actual name,,,PAIR,No,PAIR,0,x type,41.92,,xyz
4-MCS-1111-WT-G06,not required this column,0,4-MCS-1111-WT-G06    actual name,,1,PAIR,No,PAIR,0,x type,32.33,,xyz
4-MCS-1111-WT-G07,not required this column,0,4-MCS-1111-WT-G07    actual name,,1,PAIR,No,PAIR,0,x type,32.33,,xyz
4-MCS-1111-WT-G08,not required this column,0,4-MCS-1111-WT-G08    actual name,,1,PAIR,No,PAIR,0,x type,32.33,,xyz
4-MCS-1111-WT-G09,not required this column,0,4-MCS-1111-WT-G09    actual name,,1,PAIR,No,PAIR,0,x type,32.33,,xyz
4-MCS-1111-WT-G10,not required this column,0,4-MCS-1111-WT-G10    actual name,,1,PAIR,No,PAIR,0,x type,32.33,,xyz
4-MPU-1111-BK-G06,not required this column,0,4-MPU-1111-BK-G06    actual name,,1,PAIR,No,PAIR,0,x type,115.51,,xyz
4-MPU-1111-BK-G07,not required this column,0,4-MPU-1111-BK-G07    actual name,,1,PAIR,No,PAIR,0,x type,119.57,,xyz
4-MPU-1111-BK-G08,not required this column,0,4-MPU-1111-BK-G08    actual name,,1,PAIR,No,PAIR,0,x type,121.16,,xyz
4-MPU-1111-BK-G09,not required this column,0,4-MPU-1111-BK-G09    actual name,,1,PAIR,No,PAIR,0,x type,124.99,,xyz
4-MPU-1111-BK-G10,not required this column,0,4-MPU-1111-BK-G10    actual name,,1,PAIR,No,PAIR,0,x type,127.95,,xyz
4-MPU-1111-BK-X11,not required this column,0,4-MPU-1111-BK-X11    actual name,,1,PAIR,No,PAIR,0,x type,143.8,,xyz
4-MPU-1111-BK-X12,not required this column,0,4-MPU-1111-BK-X12    actual name,,1,PAIR,No,PAIR,0,x type,146.47,,xyz
4-MPU-1111-BR-G06,not required this column,0,4-MPU-1111-BR-G06    actual name,,1,PAIR,No,PAIR,0,x type,121.3,,xyz
4-MPU-1111-BR-G07,not required this column,0,4-MPU-1111-BR-G07    actual name,,1,PAIR,No,PAIR,0,x type,121.65,,xyz
4-MPU-1111-BR-G08,not required this column,0,4-MPU-1111-BR-G08    actual name,,1,PAIR,No,PAIR,0,x type,123.28,,xyz
4-MPU-1111-BR-G09,not required this column,0,4-MPU-1111-BR-G09    actual name,,1,PAIR,No,PAIR,0,x type,128.68,,xyz
4-MPU-1111-BR-G10,not required this column,0,4-MPU-1111-BR-G10    actual name,,1,PAIR,No,PAIR,0,x type,129.87,,xyz
4-MPU-1111-BR-X11,not required this column,0,4-MPU-1111-BR-X11    actual name,,1,PAIR,No,PAIR,0,x type,146.49,,xyz
4-MPU-1111-BR-X12,not required this column,0,4-MPU-1111-BR-X12    actual name,,1,PAIR,No,PAIR,0,x type,149.37,,xyz
4-MPU-1111-TA-G06,not required this column,0,4-MPU-1111-TA-G06    actual name,,1,PAIR,No,PAIR,0,x type,115.14,,xyz
4-MPU-1111-TA-G07,not required this column,0,4-MPU-1111-TA-G07    actual name,,1,PAIR,No,PAIR,0,x type,119.24,,xyz
4-MPU-1111-TA-G08,not required this column,0,4-MPU-1111-TA-G08    actual name,,1,PAIR,No,PAIR,0,x type,120.9,,xyz
4-MPU-1111-TA-G09,not required this column,0,4-MPU-1111-TA-G09    actual name,,1,PAIR,No,PAIR,0,x type,124.35,,xyz
4-MPU-1111-TA-G10,not required this column,0,4-MPU-1111-TA-G10    actual name,,1,PAIR,No,PAIR,0,x type,125.45,,xyz
4-MPU-1111-TA-X11,not required this column,0,4-MPU-1111-TA-X11    actual name,,,PAIR,No,PAIR,0,x type,139.28,,xyz
4-MPU-1111-TA-X12,not required this column,0,4-MPU-1111-TA-X12    actual name,,,PAIR,No,PAIR,0,x type,139.99,,xyz
4-MPU-1111-WT-G06,not required this column,0,4-MPU-1111-WT-G06    actual name,,1,PAIR,No,PAIR,0,x type,117.92,,xyz
4-MPU-1111-WT-G07,not required this column,0,4-MPU-1111-WT-G07    actual name,,1,PAIR,No,PAIR,0,x type,121.76,,xyz
4-MPU-1111-WT-G08,not required this column,0,4-MPU-1111-WT-G08    actual name,,1,PAIR,No,PAIR,0,x type,123.34,,xyz
4-MPU-1111-WT-G09,not required this column,0,4-MPU-1111-WT-G09    actual name,,1,PAIR,No,PAIR,0,x type,127.16,,xyz
4-MPU-1111-WT-G10,not required this column,0,4-MPU-1111-WT-G10    actual name,,1,PAIR,No,PAIR,0,x type,125.69,,xyz
4-MPU-2222-NB-L05,not required this column,0,4-MPU-2222-NB-L05    actual name,,1,PAIR,No,PAIR,0,x type,92.02,,xyz
4-MPU-2222-NB-L06,not required this column,0,4-MPU-2222-NB-L06    actual name,,1,PAIR,No,PAIR,0,x type,96.85,,xyz
4-MPU-2222-NB-L07,not required this column,0,4-MPU-2222-NB-L07    actual name,,1,PAIR,No,PAIR,0,x type,101.77,,xyz
4-MPU-2222-NB-L08,not required this column,0,4-MPU-2222-NB-L08    actual name,,1,PAIR,No,PAIR,0,x type,104.05,,xyz
4-MPU-2222-NB-L09,not required this column,0,4-MPU-2222-NB-L09    actual name,,1,PAIR,No,PAIR,0,x type,109.33,,xyz
4-PCS1-1111-BK-G,not required this column,0,4-PCS1-1111-BK-G    actual name,,1,PAIR,No,PAIR,0,x type,1.77,,xyz
4-PCS1-1111-BR-G,not required this column,0,4-PCS1-1111-BR-G    actual name,,1,PAIR,No,PAIR,0,x type,1.88,,xyz
4-PCS1-1111-TA-G,not required this column,0,4-PCS1-1111-TA-G    actual name,,1,PAIR,No,PAIR,0,x type,1.46,,xyz
4-PCS1-1111-WT-G,not required this column,0,4-PCS1-1111-WT-G    actual name,,1,PAIR,No,PAIR,0,x type,1.54,,xyz
4-PCS-1111-BK-G06,not required this column,0,4-PCS-1111-BK-G06    actual name,,1,PAIR,No,PAIR,0,x type,15.29,,xyz
4-PCS-1111-BK-G07,not required this column,0,4-PCS-1111-BK-G07    actual name,,1,PAIR,No,PAIR,0,x type,15.55,,xyz
4-PCS-1111-BK-G08,not required this column,0,4-PCS-1111-BK-G08    actual name,,1,PAIR,No,PAIR,0,x type,15.81,,xyz
4-PCS-1111-BK-G09,not required this column,0,4-PCS-1111-BK-G09    actual name,,1,PAIR,No,PAIR,0,x type,17.86,,xyz
4-PCS-1111-BK-G10,not required this column,0,4-PCS-1111-BK-G10    actual name,,1,PAIR,No,PAIR,0,x type,18.09,,xyz
4-PCS-1111-BK-X11,not required this column,0,4-PCS-1111-BK-X11    actual name,,1,PAIR,No,PAIR,0,x type,20.36,,xyz
4-PCS-1111-BK-X12,not required this column,0,4-PCS-1111-BK-X12    actual name,,1,PAIR,No,PAIR,0,x type,20.81,,xyz
4-PCS-1111-BR-G06,not required this column,0,4-PCS-1111-BR-G06    actual name,,1,PAIR,No,PAIR,0,x type,15.29,,xyz
4-PCS-1111-BR-G07,not required this column,0,4-PCS-1111-BR-G07    actual name,,1,PAIR,No,PAIR,0,x type,15.55,,xyz
4-PCS-1111-BR-G08,not required this column,0,4-PCS-1111-BR-G08    actual name,,1,PAIR,No,PAIR,0,x type,15.81,,xyz
4-PCS-1111-BR-G09,not required this column,0,4-PCS-1111-BR-G09    actual name,,1,PAIR,No,PAIR,0,x type,17.86,,xyz
4-PCS-1111-BR-G10,not required this column,0,4-PCS-1111-BR-G10    actual name,,1,PAIR,No,PAIR,0,x type,18.07,,xyz
4-PCS-1111-BR-X11,not required this column,0,4-PCS-1111-BR-X11    actual name,,1,PAIR,No,PAIR,0,x type,20.36,,xyz
4-PCS-1111-BR-X12,not required this column,0,4-PCS-1111-BR-X12    actual name,,1,PAIR,No,PAIR,0,x type,20.81,,xyz
4-PCS-1111-TA-G06,not required this column,0,4-PCS-1111-TA-G06    actual name,,1,PAIR,No,PAIR,0,x type,12.93,,xyz
4-PCS-1111-TA-G07,not required this column,0,4-PCS-1111-TA-G07    actual name,,1,PAIR,No,PAIR,0,x type,13.13,,xyz
4-PCS-1111-TA-G08,not required this column,0,4-PCS-1111-TA-G08    actual name,,1,PAIR,No,PAIR,0,x type,13.34,,xyz
4-PCS-1111-TA-G09,not required this column,0,4-PCS-1111-TA-G09    actual name,,1,PAIR,No,PAIR,0,x type,14.97,,xyz
4-PCS-1111-TA-G10,not required this column,0,4-PCS-1111-TA-G10    actual name,,1,PAIR,No,PAIR,0,x type,15.16,,xyz
4-PCS-1111-TA-X11,not required this column,0,4-PCS-1111-TA-X11    actual name,,,PAIR,No,PAIR,0,x type,16.37,,xyz
4-PCS-1111-TA-X12,not required this column,0,4-PCS-1111-TA-X12    actual name,,,PAIR,No,PAIR,0,x type,16.71,,xyz
4-PCS-1111-WT-G06,not required this column,0,4-PCS-1111-WT-G06    actual name,,1,PAIR,No,PAIR,0,x type,15.25,,xyz
4-PCS-1111-WT-G07,not required this column,0,4-PCS-1111-WT-G07    actual name,,1,PAIR,No,PAIR,0,x type,14.91,,xyz
4-PCS-1111-WT-G08,not required this column,0,4-PCS-1111-WT-G08    actual name,,1,PAIR,No,PAIR,0,x type,15.79,,xyz
4-PCS-1111-WT-G09,not required this column,0,4-PCS-1111-WT-G09    actual name,,1,PAIR,No,PAIR,0,x type,17.94,,xyz
4-PCS-1111-WT-G10,not required this column,0,4-PCS-1111-WT-G10    actual name,,1,PAIR,No,PAIR,0,x type,18.18,,xyz
4-PCS-2222-NB-L05,not required this column,0,4-PCS-2222-NB-L05    actual name,,1,PAIR,No,PAIR,0,x type,13.95,,xyz
4-PCS-2222-NB-L06,not required this column,0,4-PCS-2222-NB-L06    actual name,,1,PAIR,No,PAIR,0,x type,15.26,,xyz
4-PCS-2222-NB-L07,not required this column,0,4-PCS-2222-NB-L07    actual name,,1,PAIR,No,PAIR,0,x type,15.84,,xyz
4-PCS-2222-NB-L08,not required this column,0,4-PCS-2222-NB-L08    actual name,,1,PAIR,No,PAIR,0,x type,16.07,,xyz
4-PCS-2222-NB-L09,not required this column,0,4-PCS-2222-NB-L09    actual name,,1,PAIR,No,PAIR,0,x type,17.81,,xyz
4-PUX-0004,not required this column,0,4-PUX-0004    actual name,,1,KGS,No,KGS,0,x type,0,,
4-PUX-0020,not required this column,0,4-PUX-0020    actual name,,1,KGS,No,KGS,0,x type,0,,
4-SCF1-2222-NB-L,not required this column,0,4-SCF1-2222-NB-L    actual name,,1,MTR,No,MTR,0,x type,4.19,,CLICKED
4-SCF2-2222-NB-L,not required this column,0,4-SCF2-2222-NB-L    actual name,,1,MTR,No,MTR,0,x type,3.18,,CLICKED
4-SCF-1111-BK-G,not required this column,0,4-SCF-1111-BK-G    actual name,,1,MTR,No,MTR,0,x type,10.68,,CLICKED
4-SCF-1111-BR-G,not required this column,0,4-SCF-1111-BR-G    actual name,,1,MTR,No,MTR,0,x type,11.51,,CLICKED
4-SCF-1111-TA-G,not required this column,0,4-SCF-1111-TA-G    actual name,,1,MTR,No,MTR,0,x type,10.15,,CLICKED
4-SCF-1111-WT-G,not required this column,0,4-SCF-1111-WT-G    actual name,,1,MTR,No,MTR,0,x type,9.4,,CLICKED
4-SCF-2222-NB-L,not required this column,0,4-SCF-2222-NB-L    actual name,,1,MTR,No,MTR,0,x type,5.05,,CLICKED
5-CO02-0179,not required this column,0,5-CO02-0179    actual name,,,NOS,No,NOS,0,,1.9,,COMPONENTS
5-CO03-0007,not required this column,0,5-CO03-0007    actual name,,,NOS,No,NOS,0,,0.39,,COMPONENTS
5-CO07-0013,not required this column,0,5-CO07-0013    actual name,,,MTR,No,MTR,0,,0.05,,COMPONENTS
5-CO07-0105,not required this column,0,5-CO07-0105    actual name,,,MTR,No,MTR,0,,0.05,,COMPONENTS
5-CO07-0164,not required this column,0,5-CO07-0164    actual name,,,MTR,No,MTR,0,,0.05,,COMPONENTS
5-NL01-0020,not required this column,0,5-NL01-0020    actual name,,,MTR,No,MTR,0,,275.3,,SYL
5-NL01-0134,not required this column,0,5-NL01-0134    actual name,,,MTR,No,MTR,0,,253.88,,SYL
5-NL01-0613,not required this column,0,5-NL01-0613    actual name,,,MTR,No,MTR,0,,230.64,,SYL
5-NL01-1007,not required this column,0,5-NL01-1007    actual name,,,MTR,No,MTR,0,,212.57,,SYL
5-NL02-0025,not required this column,0,5-NL02-0025    actual name,,,MTR,No,MTR,0,,256.3,,SYL
5-NL02-0230,not required this column,0,5-NL02-0230    actual name,,,MTR,No,MTR,0,,268.56,,SYL
5-NL02-0966,not required this column,0,5-NL02-0966    actual name,,,MTR,No,MTR,0,,204.61,,SYL
5-NL02-1051,not required this column,0,5-NL02-1051    actual name,,,MTR,No,MTR,0,,277.52,,SYL
5-NL06-0221,not required this column,0,5-NL06-0221    actual name,,,MTR,No,MTR,0,,160.4,,SYL
5-NL06-0239,not required this column,0,5-NL06-0239    actual name,,,MTR,No,MTR,0,,287.23,,SYL
5-NL06-0241,not required this column,0,5-NL06-0241    actual name,,,MTR,No,MTR,0,,265.79,,SYL
5-NL06-0242,not required this column,0,5-NL06-0242    actual name,,,MTR,No,MTR,0,,242.64,,SYL
5-NL06-0247,not required this column,0,5-NL06-0247    actual name,,,MTR,No,MTR,0,,49.2,,SYL
5-NL06-0299,not required this column,0,5-NL06-0299    actual name,,,MTR,No,MTR,0,,224.57,,SYL
5-NL06-0308,not required this column,0,5-NL06-0308    actual name,,,MTR,No,MTR,0,,209.63,,SYL
5-NL06-0315,not required this column,0,5-NL06-0315    actual name,,,MTR,No,MTR,0,,209.18,,SYL
5-PO01-0004,not required this column,0,5-PO01-0004    actual name,,,KGS,No,KGS,0,,217,,CHEMICAL-PU
5-PO01-0008,not required this column,0,5-PO01-0008    actual name,,,KGS,No,KGS,0,,217,,CHEMICAL-PU
6-ADH-0029,not required this column,0,6-ADH-0029    actual name,,,KGS,No,KGS,0,,800,,CHEM-ADHESIVE
6-ADH-0032,not required this column,0,6-ADH-0032    actual name,,,KGS,No,KGS,0,,147.02,,CHEM-ADHESIVE
6-CHM-0012,not required this column,0,6-CHM-0012    actual name,,,KGS,No,KGS,0,,245.43,,CHEM-CONSUMABLE
6-CHM-0054,not required this column,0,6-CHM-0054    actual name,,,KGS,No,KGS,0,,220,,CHEM-CONSUMABLE
6-CHM-0055,not required this column,0,6-CHM-0055    actual name,,,KGS,No,KGS,0,,271.37,,CHEM-CONSUMABLE
6-CHM-0082,not required this column,0,6-CHM-0082    actual name,,,KGS,No,KGS,0,,198.72,,CHEM-CONSUMABLE
6-CHM-0116,not required this column,0,6-CHM-0116    actual name,,,KGS,No,KGS,0,,189.13,,CHEM-CONSUMABLE
6-CHM-0126,not required this column,0,6-CHM-0126    actual name,,,KGS,No,KGS,0,,361.84,,CHEM-CONSUMABLE
6-CHM-0142,not required this column,0,6-CHM-0142    actual name,,,KGS,No,KGS,0,,240.63,,CHEM-CONSUMABLE
7-AT-0015,not required this column,0,7-AT-0015    actual name,,,MTR,No,MTR,0,,0.6,,PACKING MATERIAL
7-BT-0001,not required this column,0,7-BT-0001    actual name,,,MTR,No,MTR,0,,0.72,,PACKING MATERIAL
7-MC-0041,not required this column,0,7-MC-0041    actual name,,,NOS,No,NOS,0,,60,,PACKING MATERIAL
7-MC-0120,not required this column,0,7-MC-0120    actual name,,,NOS,No,NOS,0,,45.1,,PACKING MATERIAL
7-MC-0124,not required this column,0,7-MC-0124    actual name,,,NOS,No,NOS,0,,56.4,,PACKING MATERIAL
7-MC-0280,not required this column,0,7-MC-0280    actual name,,,NOS,No,NOS,0,,49,,PACKING MATERIAL
7-MC-0304,not required this column,0,7-MC-0304    actual name,,,NOS,No,NOS,0,,52.5,,PACKING MATERIAL
7-MC-0329,not required this column,0,7-MC-0329    actual name,,,NOS,No,NOS,0,,45.35,,PACKING MATERIAL
7-MC-0332,not required this column,0,7-MC-0332    actual name,,,NOS,No,NOS,0,,55.2,,PACKING MATERIAL
7-OT-0007,not required this column,0,7-OT-0007    actual name,,,KGS,No,KGS,0,,500,,PACKING MATERIAL
7-OT-0045,not required this column,0,7-OT-0045    actual name,,,NOS,No,NOS,0,,5.11,,PACKING MATERIAL
7-OT-0059,not required this column,0,7-OT-0059    actual name,,,NOS,No,NOS,0,,0.57,,PACKING MATERIAL
7-PS-0019,not required this column,0,7-PS-0019    actual name,,,NOS,No,NOS,0,,0.16,,PACKING MATERIAL
7-PS-0038,not required this column,0,7-PS-0038    actual name,,,NOS,No,NOS,0,,1.06,,PACKING MATERIAL
7-PS-0050,not required this column,0,7-PS-0050    actual name,,,NOS,No,NOS,0,,0.12,,PACKING MATERIAL
7-PS-0051,not required this column,0,7-PS-0051    actual name,,,NOS,No,NOS,0,,0.61,,PACKING MATERIAL
7-SC-0026,not required this column,0,7-SC-0026    actual name,,,NOS,No,NOS,0,,5.35,,PACKING MATERIAL
7-SC-0084,not required this column,0,7-SC-0084    actual name,,,NOS,No,NOS,0,,6.64,,PACKING MATERIAL
7-SC-0085,not required this column,0,7-SC-0085    actual name,,,NOS,No,NOS,0,,6.98,,PACKING MATERIAL
7-SC-0098,not required this column,0,7-SC-0098    actual name,,,NOS,No,NOS,0,,7.38,,PACKING MATERIAL
7-SC-0247,not required this column,0,7-SC-0247    actual name,,,NOS,No,NOS,0,,6.27,,PACKING MATERIAL
7-SC-0279,not required this column,0,7-SC-0279    actual name,,,NOS,No,NOS,0,,5.64,,PACKING MATERIAL
7-TG-0031,not required this column,0,7-TG-0031    actual name,,,NOS,No,NOS,0,,0.03,,PACKING MATERIAL
7-TG-0032,not required this column,0,7-TG-0032    actual name,,,NOS,No,NOS,0,,0.03,,PACKING MATERIAL
7-TG-0041,not required this column,0,7-TG-0041    actual name,,,NOS,No,NOS,0,,0.75,,PACKING MATERIAL
